,Repository_Name,Owner,Description,URL,Programming_Language,Creation_Date,Last_Updated_Date,Number_of_Stars,Number_of_Forks,Number_of_Open_Issues,License_Type
0,titan,thinkaurelius,Distributed Graph Database,https://github.com/thinkaurelius/titan,Java,2012-02-25T22:53:53Z,2024-10-05T05:50:47Z,5248,1013,181,Apache License 2.0
1,cayley,cayleygraph,An open-source graph database,https://github.com/cayleygraph/cayley,Go,2014-06-05T18:49:41Z,2024-10-06T16:04:04Z,14846,1251,93,Apache License 2.0
2,database,blazegraph,Blazegraph High Performance Graph Database,https://github.com/blazegraph/database,Java,2015-12-22T19:52:44Z,2024-10-03T20:50:32Z,892,172,163,GNU General Public License v2.0
3,neo4j,neo4j,Graphs for Everyone,https://github.com/neo4j/neo4j,Java,2012-11-12T08:46:15Z,2024-10-06T14:34:48Z,13206,2378,315,GNU General Public License v3.0
4,graphql-engine,hasura,"Blazing fast, instant realtime GraphQL APIs on your DB with fine grained access control, also trigger webhooks on database events.",https://github.com/hasura/graphql-engine,TypeScript,2018-06-18T07:57:36Z,2024-10-06T16:19:09Z,31102,2765,2357,Apache License 2.0
5,janusgraph,JanusGraph,"JanusGraph: an open-source, distributed graph database",https://github.com/JanusGraph/janusgraph,Java,2016-12-26T13:26:29Z,2024-10-06T15:00:53Z,5285,1166,532,Other
6,Graph,CosmicMind,Graph is a semantic database that is used to create data-driven applications.,https://github.com/CosmicMind/Graph,Swift,2015-02-11T16:02:02Z,2024-09-05T16:38:47Z,875,72,8,MIT License
7,RedisGraph,RedisGraph,A graph database as a Redis module,https://github.com/RedisGraph/RedisGraph,C,2017-03-09T15:37:25Z,2024-10-05T04:30:37Z,1998,229,411,Other
8,flockdb,twitter-archive,"A distributed, fault-tolerant graph database",https://github.com/twitter-archive/flockdb,Scala,2010-04-12T03:53:45Z,2024-10-04T20:02:55Z,3336,259,27,Other
9,surrealdb,surrealdb,"A scalable, distributed, collaborative, document-graph database, for the realtime web",https://github.com/surrealdb/surrealdb,Rust,2021-12-09T15:03:29Z,2024-10-06T16:59:59Z,27135,874,628,Other
10,atomspace,opencog,The OpenCog (hyper-)graph database and graph rewriting system,https://github.com/opencog/atomspace,C++,2015-04-27T16:32:57Z,2024-10-02T16:29:23Z,818,232,75,Other
11,neomodel,neo4j-contrib,An Object Graph Mapper (OGM) for the Neo4j graph database.,https://github.com/neo4j-contrib/neomodel,Python,2012-09-12T16:17:06Z,2024-10-04T05:57:49Z,947,232,71,MIT License
12,oxigraph,oxigraph,SPARQL graph database,https://github.com/oxigraph/oxigraph,Rust,2018-05-16T15:29:28Z,2024-10-05T14:22:36Z,1015,67,84,Apache License 2.0
13,neoclipse,neo4j-contrib,Graph Database Tool,https://github.com/neo4j-contrib/neoclipse,Java,2011-03-01T11:30:45Z,2024-07-26T11:49:39Z,218,136,58,
14,graph-databases-use-cases,iansrobinson,Example use cases from the O'Reilly Graph Databases book,https://github.com/iansrobinson/graph-databases-use-cases,Java,2013-04-25T08:55:28Z,2024-08-05T05:44:08Z,335,129,2,
15,simple-graph,dpapathanasiou,"This is a simple graph database in SQLite, inspired by ""SQLite as a document database""",https://github.com/dpapathanasiou/simple-graph,,2020-12-19T22:47:42Z,2024-10-02T00:15:07Z,1379,85,1,MIT License
16,graphexp,bricaud,Interactive visualization of the Gremlin graph database with D3.js,https://github.com/bricaud/graphexp,JavaScript,2017-06-17T15:34:26Z,2024-09-26T18:43:33Z,782,216,3,Apache License 2.0
17,nebula,vesoft-inc,"  A distributed, fast open-source graph database featuring horizontal scalability and high availability",https://github.com/vesoft-inc/nebula,C++,2018-08-28T14:25:09Z,2024-10-06T14:28:55Z,10689,1197,558,Apache License 2.0
18,indradb,indradb,A graph database written in rust,https://github.com/indradb/indradb,Rust,2018-01-15T21:33:54Z,2024-10-04T22:12:43Z,2166,112,18,Mozilla Public License 2.0
19,tugraph-db,TuGraph-family,TuGraph is a high performance graph database.,https://github.com/TuGraph-family/tugraph-db,C++,2022-08-25T08:46:43Z,2024-09-30T08:28:24Z,1378,184,124,Apache License 2.0
20,awesome-graph,jbmusso,A curated list of resources for graph databases and graph computing tools,https://github.com/jbmusso/awesome-graph,,2017-10-07T13:52:15Z,2024-09-22T13:34:05Z,1155,118,9,
21,agensgraph,bitnine-oss,"AgensGraph, a transactional graph database based on PostgreSQL",https://github.com/bitnine-oss/agensgraph,C,2016-04-29T17:19:07Z,2024-10-02T10:09:48Z,1337,148,125,Other
22,GraphView,microsoft,GraphView is a DLL library that enables users to use SQL Server or Azure SQL Database to efficiently manage graphs. ,https://github.com/microsoft/GraphView,C#,2015-11-25T11:05:29Z,2024-09-01T14:39:14Z,530,141,12,Other
23,docker-neo4j,neo4j,Docker Images for the Neo4j Graph Database,https://github.com/neo4j/docker-neo4j,Shell,2015-04-27T08:50:44Z,2024-10-03T08:08:55Z,331,172,58,Apache License 2.0
24,eliasdb,krotik,EliasDB a graph-based database.,https://github.com/krotik/eliasdb,Go,2016-08-13T13:53:28Z,2024-09-26T03:18:08Z,998,49,14,Mozilla Public License 2.0
25,graphene-django-optimizer,tfoxy,Optimize database access inside graphene queries,https://github.com/tfoxy/graphene-django-optimizer,Python,2018-05-01T22:02:23Z,2024-10-04T05:57:34Z,428,86,29,MIT License
26,awesome-knowledge-graph,totogo,"A curated list of Knowledge Graph related learning materials, databases, tools and other resources",https://github.com/totogo/awesome-knowledge-graph,,2019-02-03T09:25:08Z,2024-10-06T10:06:36Z,1400,139,8,
27,graphdb-benchmarks,socialsensor,Performance benchmark between popular graph databases.,https://github.com/socialsensor/graphdb-benchmarks,Java,2013-12-20T16:10:57Z,2024-09-10T09:58:48Z,195,81,16,Apache License 2.0
28,activegraph,neo4jrb,An active model wrapper for the Neo4j Graph Database for Ruby.,https://github.com/neo4jrb/activegraph,Ruby,2008-05-30T10:44:36Z,2024-09-20T21:29:51Z,1395,277,236,MIT License
29,jetbrains-plugin-graph-database-support,neueda,Graph Databases support for JetBrains family IDEs.,https://github.com/neueda/jetbrains-plugin-graph-database-support,Java,2016-06-23T18:15:30Z,2024-09-30T21:52:01Z,221,56,54,Apache License 2.0
30,incubator-hugegraph,apache,"A graph database that supports more than 100+ billion data, high performance and scalability (Include OLTP Engine & REST-API & Backends)",https://github.com/apache/incubator-hugegraph,Java,2018-07-18T03:30:20Z,2024-10-03T11:42:55Z,2630,517,323,Apache License 2.0
31,edgedb,edgedb,"A graph-relational database with declarative schema, built-in migration system, and a next-generation query language",https://github.com/edgedb/edgedb,Python,2017-06-29T20:30:48Z,2024-10-05T03:03:46Z,12986,400,814,Apache License 2.0
32,graphql-compiler,kensho-technologies,Turn complex GraphQL queries into optimized database queries.,https://github.com/kensho-technologies/graphql-compiler,Python,2017-07-18T22:03:41Z,2024-09-24T03:35:35Z,552,50,110,Apache License 2.0
33,popoto,Nhogs,Visual query builder for Neo4j graph database,https://github.com/Nhogs/popoto,JavaScript,2015-01-30T21:45:01Z,2024-10-04T12:56:06Z,509,70,20,GNU General Public License v3.0
34,InteractiveGraph,grapheco,"InteractiveGraph provides a web-based interactive visualization and analysis framework for large graph data, which may come from a GSON file, or an online Neo4j graph database. InteractiveGraph also provides applications built on the framework: GraphNavigator, GraphExplorer and RelFinder.",https://github.com/grapheco/InteractiveGraph,JavaScript,2018-02-10T08:43:07Z,2024-10-06T07:51:34Z,1049,251,36,"BSD 2-Clause ""Simplified"" License"
35,neo4j-scala,FaKod,Scala wrapper for Neo4j Graph Database,https://github.com/FaKod/neo4j-scala,Scala,2011-03-14T05:35:25Z,2024-05-14T07:25:13Z,220,71,5,
36,janusgraph-utils,IBM,Develop a graph database app using JanusGraph,https://github.com/IBM/janusgraph-utils,Java,2017-04-23T08:56:06Z,2024-08-22T06:57:51Z,207,97,9,Apache License 2.0
37,sones,sones,sones GraphDB - opensource graph database,https://github.com/sones/sones,C#,2010-06-27T16:55:56Z,2024-09-25T09:15:20Z,212,51,2,GNU Affero General Public License v3.0
38,sql-to-graphql,rexxars,Generate a GraphQL API based on your SQL database structure,https://github.com/rexxars/sql-to-graphql,JavaScript,2015-07-11T16:13:47Z,2024-04-02T17:40:23Z,591,73,24,MIT License
39,guac,guacsec,GUAC aggregates software security metadata into a high fidelity graph database.,https://github.com/guacsec/guac,Go,2022-06-10T17:28:07Z,2024-10-04T17:58:06Z,1264,170,132,Apache License 2.0
40,gun,amark,An open source cybersecurity protocol for syncing decentralized graph data.,https://github.com/amark/gun,JavaScript,2014-07-31T15:52:10Z,2024-10-06T11:52:28Z,18081,1164,310,Other
41,graphql-engine-heroku,hasura,"Blazing fast, instant realtime GraphQL APIs on Postgres with fine grained access control, also trigger webhooks on database events.",https://github.com/hasura/graphql-engine-heroku,Dockerfile,2018-06-21T01:52:56Z,2024-09-25T08:49:00Z,231,234,15,
42,graphjin,dosco,GraphJin - Build NodeJS / GO APIs in 5 minutes not weeks,https://github.com/dosco/graphjin,Go,2019-03-24T13:43:05Z,2024-10-06T13:16:29Z,2912,178,34,Apache License 2.0
43,hgraphdb,rayokota,HBase as a TinkerPop Graph Database,https://github.com/rayokota/hgraphdb,Java,2016-11-08T23:05:08Z,2024-09-15T05:57:03Z,256,54,12,Apache License 2.0
44,joern,octopus-platform,"A robust parser for C/C++ storing abstract syntax trees, control flow graphs and program dependence graphs in a neo4j graph database.",https://github.com/octopus-platform/joern,Java,2013-05-02T22:44:29Z,2024-09-25T23:55:26Z,546,140,46,GNU Lesser General Public License v3.0
45,node-neo4j,thingdom,[RETIRED] Neo4j graph database driver (REST API client) for Node.js,https://github.com/thingdom/node-neo4j,CoffeeScript,2011-03-19T23:55:53Z,2024-09-15T18:00:31Z,926,135,43,Apache License 2.0
46,fortune,fortunejs,Non-native graph database abstraction layer for Node.js and web browsers.,https://github.com/fortunejs/fortune,JavaScript,2013-08-26T16:45:17Z,2024-09-22T08:39:15Z,1448,135,15,MIT License
47,dber,findyourmagic,Database design tool based on entity relation diagram,https://github.com/findyourmagic/dber,JavaScript,2022-02-18T03:21:48Z,2024-10-06T16:58:04Z,649,81,8,MIT License
48,neo4j-ogm,neo4j,Java Object-Graph Mapping Library for Neo4j,https://github.com/neo4j/neo4j-ogm,Java,2014-09-19T09:43:23Z,2024-09-30T10:36:35Z,330,164,12,Apache License 2.0
49,nebula-graph,vesoft-inc,"A distributed, fast open-source graph database featuring horizontal scalability and high availability. This is an archived repo for v2.5 only, from 2.6.0 +, NebulaGraph switched back to https://github.com/vesoft-inc/nebula",https://github.com/vesoft-inc/nebula-graph,C++,2019-12-22T13:48:04Z,2024-09-26T03:18:30Z,846,132,2,Apache License 2.0
50,graph-database-benchmark,gaolk,"TigerGraph Graph Database Benchmark Report - Tigergraph, JanusGraph, Amazon Neptune, Neo4j, Arangodb",https://github.com/gaolk/graph-database-benchmark,Java,2018-09-18T04:19:07Z,2022-12-15T16:29:14Z,10,59,0,
51,Gaffer,gchq,A large-scale entity and relation database supporting aggregation of properties,https://github.com/gchq/Gaffer,Java,2015-12-14T12:12:39Z,2024-09-30T12:43:04Z,1766,350,139,Apache License 2.0
52,aws-dbs-refarch-graph,aws-samples,Reference Architectures for Graph Databases on AWS,https://github.com/aws-samples/aws-dbs-refarch-graph,HTML,2018-12-24T19:37:00Z,2024-10-04T13:00:11Z,235,45,0,Other
53,vertexium,visallo,High-security graph database,https://github.com/visallo/vertexium,Java,2015-03-06T19:27:47Z,2024-08-30T16:34:44Z,62,34,34,Apache License 2.0
54,amazon-neptune-samples,aws-samples,Samples and documentation for using the Amazon Neptune graph database service,https://github.com/aws-samples/amazon-neptune-samples,JavaScript,2018-04-05T22:37:22Z,2024-10-03T17:43:14Z,355,141,15,MIT No Attribution
55,fullstack-graphql,atulmy,"üåà  Simple Fullstack GraphQL Application. API built with Express + GraphQL + Sequelize (supports MySQL, Postgres, Sqlite and MSSQL). WebApp built with React + Redux to access the API. Written in ES6 using Babel + Webpack.",https://github.com/atulmy/fullstack-graphql,JavaScript,2017-10-19T19:39:14Z,2024-09-17T08:05:05Z,1031,150,1,MIT License
56,bitsy,lambdazen,Bitsy Graph Database v3,https://github.com/lambdazen/bitsy,Java,2017-03-16T19:54:58Z,2024-09-27T01:27:34Z,139,22,6,Apache License 2.0
57,community,eldersantos,Neo4j Graph Database - Community Edition,https://github.com/eldersantos/community,Java,2011-04-25T16:39:03Z,2024-08-26T12:24:31Z,5,118,1,Other
58,redis-graph,swilly22,A graph database with Cypher query language as a Redis module,https://github.com/swilly22/redis-graph,C,2016-08-09T21:15:44Z,2024-08-31T17:54:56Z,409,26,12,GNU Affero General Public License v3.0
59,SliccDB,pmikstacki,Light Embedded Graph Database for .net ,https://github.com/pmikstacki/SliccDB,C#,2021-11-07T18:08:05Z,2024-10-02T11:08:45Z,132,14,2,MIT License
60,Samples,CosmicMind,"Sample projects using Material, Graph, and Algorithm. ",https://github.com/CosmicMind/Samples,Swift,2016-10-20T16:44:08Z,2024-09-10T15:01:51Z,402,263,7,"BSD 3-Clause ""New"" or ""Revised"" License"
61,degdb,degdb,degdb: distributed economic graph database,https://github.com/degdb/degdb,Go,2015-09-05T02:47:38Z,2024-06-13T18:01:31Z,217,21,8,MIT License
62,age,apache,Graph database optimized for fast analysis and real-time data processing. It is provided as an extension to PostgreSQL.,https://github.com/apache/age,C,2020-07-01T06:15:47Z,2024-10-06T09:59:26Z,3050,408,162,Apache License 2.0
63,cog,arun1729,Micro Graph Database for Python Applications,https://github.com/arun1729/cog,Python,2017-11-19T21:35:00Z,2024-10-06T00:22:45Z,297,23,6,MIT License
64,graphchiDB-scala,GraphChi,*Experimental* GraphChi-DB graph database with computational capabilities,https://github.com/GraphChi/graphchiDB-scala,Scala,2014-04-15T21:22:25Z,2023-04-12T13:50:42Z,79,24,0,
65,pacer,pangloss,My original graph database DSL machine,https://github.com/pangloss/pacer,Ruby,2010-11-15T23:11:47Z,2023-10-16T06:21:26Z,176,30,0,Other
66,AgensGraph-Extension,bitnine-oss,A graph database extension for PostgreSQL,https://github.com/bitnine-oss/AgensGraph-Extension,C,2019-01-09T04:46:53Z,2024-09-13T08:36:32Z,188,24,2,Apache License 2.0
67,cozo,cozodb,"A transactional, relational-graph-vector database that uses Datalog for query. The hippocampus for AI!",https://github.com/cozodb/cozo,Rust,2022-10-14T09:28:11Z,2024-10-06T03:47:12Z,3364,100,34,Mozilla Public License 2.0
68,openCypher,opencypher,Specification of the Cypher property graph query language,https://github.com/opencypher/openCypher,Gherkin,2015-02-06T09:35:42Z,2024-10-05T00:34:18Z,853,149,106,Apache License 2.0
69,graphql-gun,brysgo,A graphql API for the gun p2p graph database,https://github.com/brysgo/graphql-gun,JavaScript,2017-03-24T05:09:02Z,2024-09-15T22:28:51Z,405,20,24,
70,bulbs,espeed,"A Python persistence framework for graph databases like Neo4j, OrientDB and Titan.",https://github.com/espeed/bulbs,Python,2011-07-15T15:04:08Z,2024-07-09T09:43:03Z,622,83,51,Other
71,pygr,cjlee112,Python graph database framework for bioinformatics,https://github.com/cjlee112/pygr,Python,2009-05-01T02:46:20Z,2024-08-18T07:27:51Z,92,35,5,Other
72,memgraph,memgraph,"Open-source graph database, tuned for dynamic analytics environments. Easy to adopt, scale and own.",https://github.com/memgraph/memgraph,C++,2020-09-21T10:14:04Z,2024-10-06T13:19:47Z,2365,110,377,Other
73,gremlin,go-gremlin,Go graph database client for TinkerPop3 Gremlin Server,https://github.com/go-gremlin/gremlin,Go,2015-09-12T10:56:21Z,2024-06-24T00:55:18Z,115,54,8,MIT License
74,levelgraph,levelgraph,Graph database JS style for Node.js and the Browser. Built upon LevelUp and LevelDB.,https://github.com/levelgraph/levelgraph,JavaScript,2013-04-26T13:14:22Z,2024-10-04T19:56:56Z,1468,121,50,MIT License
75,structr,structr,Structr is an integrated low-code development and runtime environment that uses a graph database.,https://github.com/structr/structr,Java,2011-02-01T20:55:18Z,2024-10-03T04:30:53Z,782,156,22,GNU General Public License v3.0
76,orly,cmaloney,Orly‚Ñ¢ Graph Database,https://github.com/cmaloney/orly,C++,2014-04-11T21:13:57Z,2023-11-06T07:12:11Z,40,26,0,Other
77,graph,yapb,YaPB Graph Database,https://github.com/yapb/graph,HTML,2020-11-12T06:59:16Z,2024-10-05T17:04:42Z,19,8,4,
78,kuzu,kuzudb,Embeddable property graph database management system built for query speed and scalability. Implements Cypher.,https://github.com/kuzudb/kuzu,C++,2020-09-26T07:43:06Z,2024-10-06T16:48:52Z,1316,94,326,MIT License
79,infranodus,sam-blake,Node.Js interface for Neo4J graph databases (in progress!),https://github.com/sam-blake/infranodus,,2014-07-03T17:01:39Z,2024-08-27T10:35:08Z,9,181,0,
80,ontop,ontop,Ontop is a platform to query relational databases as Virtual RDF Knowledge Graphs using SPARQL,https://github.com/ontop/ontop,Java,2013-07-22T11:00:27Z,2024-10-03T20:50:28Z,647,163,73,Apache License 2.0
81,neo4j-symfony,neo4j-php,Symfony Bundle for the Neo4j Graph Database,https://github.com/neo4j-php/neo4j-symfony,PHP,2016-12-07T10:46:08Z,2024-10-05T22:10:51Z,78,40,10,MIT License
82,GraphofThings,GraphAlchemist,"An Internet of Things sample data set, queries, and Neo4j database.",https://github.com/GraphAlchemist/GraphofThings,Python,2014-04-17T18:24:02Z,2023-09-04T06:21:01Z,54,26,2,GNU General Public License v2.0
83,sonic,valeriansaliou,"ü¶î Fast, lightweight & schema-less search backend. An alternative to Elasticsearch that runs on a few MBs of RAM.",https://github.com/valeriansaliou/sonic,Rust,2019-02-26T13:16:58Z,2024-10-06T15:15:01Z,19849,564,69,Mozilla Public License 2.0
84,neo4j-mazerunner,neo4j-contrib,Mazerunner extends a Neo4j graph database to run scheduled big data graph compute algorithms at scale with HDFS and Apache Spark.,https://github.com/neo4j-contrib/neo4j-mazerunner,Java,2014-10-28T21:33:35Z,2024-09-15T06:54:35Z,381,105,42,Apache License 2.0
85,hash,hashintel,"üöÄ  The open-source, multi-tenant, self-building knowledge graph",https://github.com/hashintel/hash,TypeScript,2019-07-15T16:19:36Z,2024-10-06T09:38:33Z,1047,82,40,Other
86,graph-collections,neo4j-contrib,In-graph collections for the Neo4j graph database.,https://github.com/neo4j-contrib/graph-collections,Java,2011-06-13T15:19:50Z,2021-09-01T18:41:50Z,49,23,5,Other
87,bitcoin-to-neo4j,in3rsha,Import the Bitcoin blockchain in to a Neo4j graph database.,https://github.com/in3rsha/bitcoin-to-neo4j,PHP,2017-05-21T11:39:52Z,2024-08-15T07:07:15Z,208,55,7,GNU General Public License v3.0
88,awesome-knowledge-graphs,frutik,"Graph databases, Knowledge Graphs, SPARQ",https://github.com/frutik/awesome-knowledge-graphs,,2020-03-16T20:14:13Z,2024-09-27T11:51:47Z,75,10,1,
89,CKG,MannLabs,Clinical Knowledge Graph (CKG) is a platform with twofold objective: 1) build a graph database with experimental data and data imported from diverse biomedical databases 2) automate knowledge discovery making use of all the information contained in the graph ,https://github.com/MannLabs/CKG,Jupyter Notebook,2019-02-02T09:21:19Z,2024-10-06T07:24:36Z,432,97,45,MIT License
90,dgraph-docs,dgraph-io,A native GraphQL Database with a graph backend,https://github.com/dgraph-io/dgraph-docs,Shell,2020-12-17T14:38:50Z,2024-09-11T14:10:28Z,35,66,9,Other
91,graphfront,jscomplete,Generate a GraphQL schema for any PostgreSQL database using the database schema information,https://github.com/jscomplete/graphfront,JavaScript,2017-03-13T18:21:35Z,2023-07-17T06:32:05Z,143,12,1,MIT License
92,springboot-graphql-databases,ivangfr,"The goal of this project is to explore GraphQL. For it, we will implement two microservices: author-book-api and book-review-api.",https://github.com/ivangfr/springboot-graphql-databases,Java,2018-10-07T21:29:20Z,2024-08-22T15:35:32Z,23,22,0,
93,PythonDBAGraphs,bobbydurrett,Python graphing scripts for Oracle database tuning,https://github.com/bobbydurrett/PythonDBAGraphs,Python,2016-03-29T21:52:06Z,2024-09-29T14:36:10Z,56,38,0,GNU General Public License v3.0
94,GraphMemory,bradAGI,GraphRAG database - hybrid graph / vector db,https://github.com/bradAGI/GraphMemory,Python,2024-06-01T01:11:58Z,2024-09-21T02:49:59Z,109,10,0,MIT License
95,cypher-for-gremlin,opencypher,Cypher for Gremlin adds Cypher support to any Gremlin graph database.,https://github.com/opencypher/cypher-for-gremlin,Java,2018-01-24T13:27:48Z,2024-09-20T11:30:29Z,356,48,35,Apache License 2.0
96,graphqlize,graphqlize,A Clojure & JVM library for developing GraphQL API instantly from Postgres and MySQL databases,https://github.com/graphqlize/graphqlize,Clojure,2020-01-15T08:52:25Z,2024-05-31T07:41:19Z,290,20,24,Eclipse Public License 2.0
97,arangodb,arangodb,"ü•ë ArangoDB is a native multi-model database with flexible data models for documents, graphs, and key-values. Build high performance applications using a convenient SQL-like query language or JavaScript extensions.",https://github.com/arangodb/arangodb,C++,2011-10-26T06:42:00Z,2024-10-04T18:32:10Z,13532,838,786,Other
98,blockchain2graph,straumat,Blockchain2graph extracts blockchain data (bitcoin) and insert them into a graph database (neo4j).,https://github.com/straumat/blockchain2graph,Java,2016-08-24T20:18:04Z,2024-06-23T03:12:08Z,149,32,40,GNU General Public License v3.0
99,graph-databases-in-action,bechbd,,https://github.com/bechbd/graph-databases-in-action,Java,2018-12-30T22:30:31Z,2024-09-14T09:57:56Z,69,13,2,
100,segrada,mkalus,Segrada - Semantic Graph Database,https://github.com/mkalus/segrada,Java,2015-09-07T14:05:23Z,2024-03-31T14:16:40Z,68,14,32,Other
101,graph-nlu,Hyperparticle,Graph NLU is a natural language understanding tool that leverages the power of graph databases,https://github.com/Hyperparticle/graph-nlu,Jupyter Notebook,2017-04-02T18:51:47Z,2024-08-22T02:17:21Z,85,32,0,MIT License
102,jasminegraph,miyurud,Distributed Graph Database Server,https://github.com/miyurud/jasminegraph,C++,2018-09-16T13:50:05Z,2024-08-18T15:11:56Z,18,24,18,Apache License 2.0
103,query-graphs,tableau,"A visualizer for queries - Hyper, Postgres, Tableau",https://github.com/tableau/query-graphs,TypeScript,2016-10-25T18:23:12Z,2024-10-03T01:00:21Z,87,27,11,MIT License
104,tugraph-analytics,TuGraph-family,TuGraph Analytics is a distributed graph compute engine.,https://github.com/TuGraph-family/tugraph-analytics,Java,2023-06-05T02:52:59Z,2024-10-03T04:05:55Z,636,71,18,Apache License 2.0
105,dagoba,dxnn,A tiny in-memory graph database,https://github.com/dxnn/dagoba,JavaScript,2014-07-22T06:31:10Z,2024-09-25T09:13:10Z,108,17,2,MIT License
106,fast-graph,dudikbender,Application integrating FastAPI with a Neo4j graph database.,https://github.com/dudikbender/fast-graph,Python,2020-10-26T12:47:56Z,2024-09-27T11:31:17Z,93,15,2,
107,js-composedb,ceramicstudio,ComposeDB is a decentralized GraphQL database built on Ceramic Network,https://github.com/ceramicstudio/js-composedb,TypeScript,2022-07-06T07:15:37Z,2024-09-17T13:42:47Z,91,35,17,Other
108,helios.js,zuudo,An in-memory graph database for modern browsers.,https://github.com/zuudo/helios.js,JavaScript,2012-07-01T06:23:33Z,2023-09-08T11:12:13Z,248,20,0,MIT License
109,ScalliGraph,TheHive-Project,Scala Framework for web applications using graph database,https://github.com/TheHive-Project/ScalliGraph,Scala,2018-09-02T11:15:29Z,2024-03-08T07:06:38Z,23,27,7,GNU Affero General Public License v3.0
110,pyley,bugthesystem,Python package for an open-source graph database Cayley,https://github.com/bugthesystem/pyley,Python,2014-07-08T21:45:49Z,2024-09-08T02:55:00Z,159,30,3,The Unlicense
111,cqlite,dyedgreen,Embedded graph database,https://github.com/dyedgreen/cqlite,Rust,2021-09-01T21:37:15Z,2024-09-14T11:06:23Z,111,7,2,MIT License
112,related,niho,A high performance distributed graph database.,https://github.com/niho/related,Ruby,2011-09-09T21:35:19Z,2024-06-07T22:05:00Z,130,13,11,MIT License
113,pyTigerGraph,pyTigerGraph,pyTigerGraph is a Python package for interacting with TigerGraph databases.,https://github.com/pyTigerGraph/pyTigerGraph,Python,2020-07-21T16:07:16Z,2024-08-07T18:30:12Z,55,28,20,MIT License
114,cartography,lyft,Cartography is a Python tool that consolidates infrastructure assets and the relationships between them in an intuitive graph view powered by a Neo4j database.,https://github.com/lyft/cartography,Python,2019-02-27T00:16:29Z,2024-10-06T09:35:30Z,2962,331,109,Apache License 2.0
115,GraphKer,amberzovitis,Open Source Tool - Cybersecurity Graph Database in Neo4j,https://github.com/amberzovitis/GraphKer,Cypher,2021-08-30T14:32:56Z,2024-09-27T20:14:58Z,54,11,0,
116,age-viewer,apache,Graph database optimized for fast analysis and real-time data processing. It is provided as an extension to PostgreSQL.,https://github.com/apache/age-viewer,JavaScript,2021-08-19T15:49:10Z,2024-09-30T10:32:16Z,238,235,76,Apache License 2.0
117,Raphtory,Pometry,"Scalable graph analytics database powered by a multithreaded, vectorized temporal engine, written in Rust",https://github.com/Pometry/Raphtory,Rust,2017-05-30T13:15:18Z,2024-10-04T13:38:09Z,336,54,111,GNU General Public License v3.0
118,graph-db,nikita-volkov,An experimental native Haskell graph database,https://github.com/nikita-volkov/graph-db,Haskell,2013-10-02T23:27:20Z,2024-10-01T22:20:35Z,60,11,3,MIT License
119,neo4j_sips,florinpatrascu,Elixir driver for the Neo4j graph database server,https://github.com/florinpatrascu/neo4j_sips,Elixir,2015-10-12T17:24:07Z,2023-10-29T20:35:43Z,81,22,2,MIT License
120,jseg,brandonbloom,"A super simple, in-memory, JS graph database.",https://github.com/brandonbloom/jseg,JavaScript,2015-11-25T17:03:40Z,2024-09-22T16:45:56Z,458,11,1,
121,graph-databases-testsuite,kuzeko,"Docker Images, installation scripts, and testing & benchmarking suite for Graph Databases",https://github.com/kuzeko/graph-databases-testsuite,Groovy,2017-05-03T09:12:24Z,2024-08-01T10:19:58Z,36,9,22,MIT License
122,sql2graph,redapple,helper module to export data from a relational database to a graph database (through CSV files),https://github.com/redapple/sql2graph,Python,2013-04-26T10:06:21Z,2024-07-23T17:08:07Z,48,15,2,MIT License
123,grammes,northwesternmutual,"A Go package built to communicate with Apache TinkerPop‚Ñ¢ Graph computing framework using Gremlin; a graph traversal language used by graph databases such as JanusGraph¬Æ, MS Cosmos DB, AWS Neptune, and DataStax¬Æ Enterprise Graph.",https://github.com/northwesternmutual/grammes,Go,2019-01-11T17:22:58Z,2024-05-28T16:02:39Z,125,45,25,Apache License 2.0
124,FalkorDB,FalkorDB,A super fast Graph Database uses GraphBLAS under the hood for its sparse adjacency matrix graph representation. Our goal is to provide the best Knowledge Graph for LLM (GraphRAG).,https://github.com/FalkorDB/FalkorDB,C,2023-07-20T10:47:51Z,2024-10-06T14:38:35Z,660,25,430,Other
125,vivace-graph-v3,kraison,VivaceGraph version 3. Open source Common Lisp graph database & Prolog implementation. Supersedes http://github.com/kraison/vivace-graph-v2.,https://github.com/kraison/vivace-graph-v3,Common Lisp,2014-01-23T23:03:36Z,2024-09-07T22:11:15Z,152,29,16,Other
126,malnet-graph,safreita1,A large-scale database for graph representation learning,https://github.com/safreita1/malnet-graph,Python,2020-11-25T20:17:47Z,2024-09-26T14:53:15Z,48,13,3,
127,redis_graph,Doist,Python graph database implemented on top of Redis,https://github.com/Doist/redis_graph,Python,2010-12-01T04:08:46Z,2023-09-08T16:27:58Z,131,8,0,
128,graphdbmodel,deemeetree,A basic data model for graph databases for a variety of uses.,https://github.com/deemeetree/graphdbmodel,,2014-03-22T21:18:28Z,2024-09-28T19:11:34Z,35,21,0,
129,graphik,graphikDB,Graphik is a Backend as a Service implemented as an identity-aware document & graph database with support for gRPC and graphQL,https://github.com/graphikDB/graphik,Go,2020-08-06T20:53:56Z,2024-08-15T10:50:15Z,317,15,9,Apache License 2.0
130,ExRam.Gremlinq,Gremlinq,A .NET object-graph-mapper for Apache TinkerPop‚Ñ¢ Gremlin enabled databases.,https://github.com/Gremlinq/ExRam.Gremlinq,C#,2017-03-21T13:01:49Z,2024-10-03T19:54:59Z,184,33,1,MIT License
131,gremlin-orm,gremlin-orm,gremlin-orm is an ORM for graph databases in Node.js,https://github.com/gremlin-orm/gremlin-orm,JavaScript,2017-11-03T16:37:03Z,2024-09-02T17:44:50Z,145,29,5,MIT License
132,pmgd,IntelLabs,Persistent Memory Graph Database,https://github.com/IntelLabs/pmgd,C++,2018-02-07T19:22:10Z,2022-12-22T11:59:32Z,43,9,14,MIT License
133,Course_Go_Serverless_with_a_Graph_Database,ACloudGuru-Resources,Discover the power of graph databases by working with a highly connected dataset you already have at home: your family photos,https://github.com/ACloudGuru-Resources/Course_Go_Serverless_with_a_Graph_Database,JavaScript,2019-01-22T01:25:39Z,2022-10-20T16:55:10Z,15,22,95,MIT License
134,dnd-and-graph-databases,guyroyse,"Repository for my upcoming talk ""Dungeon, Dragons, and Graph Databases"".",https://github.com/guyroyse/dnd-and-graph-databases,JavaScript,2019-12-13T19:55:12Z,2024-09-16T19:53:24Z,94,6,0,
135,graphdb-intellij-plugin,albertoventurini,Graph database plugin for the IntelliJ Platform,https://github.com/albertoventurini/graphdb-intellij-plugin,Java,2022-11-14T07:56:43Z,2024-08-26T21:08:04Z,50,15,32,Apache License 2.0
136,discograph,josiah-wolf-oberholtzer,Social Graphing for the Discogs Database,https://github.com/josiah-wolf-oberholtzer/discograph,Python,2015-06-06T18:25:54Z,2024-07-05T03:09:14Z,74,11,27,MIT License
137,netgrph,yantisj,Models IP networks in the Neo4j Graph Database for network automation and troubleshooting.,https://github.com/yantisj/netgrph,Python,2016-06-11T23:07:33Z,2024-08-21T04:33:22Z,167,39,1,GNU Affero General Public License v3.0
138,fallen-8,cosh,Fallen-8 is an in-memory graph database implemented in C#.,https://github.com/cosh/fallen-8,C#,2011-10-29T20:03:38Z,2024-09-25T09:15:23Z,133,27,6,MIT License
139,graphdb,CodyKochmann,sqlite based graph database for storing native python objects and their relationships to each other,https://github.com/CodyKochmann/graphdb,Python,2017-10-26T00:07:32Z,2024-08-26T09:05:56Z,192,10,14,MIT License
140,hyper-graph-db,e-e-e,A distributed graph database built upon hyperdb.,https://github.com/e-e-e/hyper-graph-db,JavaScript,2017-12-04T11:26:26Z,2024-07-09T19:13:31Z,64,11,7,
141,nebula-siwi,wey-gu,Siwi (/Ààs…™wi/) is a PoC of Dialog System With Graph Database Backed Knowledge Graph.,https://github.com/wey-gu/nebula-siwi,Python,2021-06-26T11:49:07Z,2024-09-30T20:15:32Z,85,16,2,
142,jiraph,ninjudd,"A graph database with pluggable backends, written in Clojure.",https://github.com/ninjudd/jiraph,Clojure,2010-01-11T20:14:48Z,2024-06-15T10:12:19Z,137,15,6,Eclipse Public License 1.0
143,pyTigerGraph,tigergraph,Python package for utilizing TigerGraph Databases,https://github.com/tigergraph/pyTigerGraph,Python,2022-04-12T16:54:21Z,2024-10-02T19:15:37Z,29,13,8,Apache License 2.0
144,mongraph,pstaender,Mongraph combines documentstorage database with graph-database relations. Build on NodeJS.,https://github.com/pstaender/mongraph,CoffeeScript,2013-04-08T02:27:55Z,2023-03-28T06:09:52Z,71,12,1,Other
145,orientdb,orientechnologies,"OrientDB is the most versatile DBMS supporting Graph, Document, Reactive, Full-Text and Geospatial models in one Multi-Model product. OrientDB can run distributed (Multi-Master), supports SQL, ACID Transactions, Full-Text indexing and Reactive Queries.",https://github.com/orientechnologies/orientdb,Java,2012-12-09T20:33:47Z,2024-10-06T14:47:28Z,4735,871,302,Apache License 2.0
146,graphql-genie,genie-team,"Simply pass in your GraphQL type defintions and get a fully featured GraphQL API with referential integrity, inverse updates, subscriptions and role based access control that can be used client side or server side. ",https://github.com/genie-team/graphql-genie,TypeScript,2018-06-07T15:34:07Z,2024-05-29T04:38:28Z,164,15,134,MIT License
147,AutoKnowledge,GuitarmonYz,"a full-stack bundle of a implementation of knowledge graph with graph database, using VUE, Echarts, Django, Neo4j",https://github.com/GuitarmonYz/AutoKnowledge,JavaScript,2017-07-06T08:14:05Z,2024-07-30T01:28:02Z,111,25,0,MIT License
148,travel,dgraph-io,Starter Kit For Building Graph Database Go and Browser Apps Using Dgraph,https://github.com/dgraph-io/travel,Go,2020-03-17T19:58:44Z,2024-09-02T16:56:37Z,129,28,0,Apache License 2.0
149,morph-kgc,morph-kgc,Powerful RDF Knowledge Graph Generation with RML Mappings,https://github.com/morph-kgc/morph-kgc,Python,2020-11-11T11:54:10Z,2024-10-01T13:21:59Z,187,33,21,Apache License 2.0
150,graph_database_benchmark,zhuang29,,https://github.com/zhuang29/graph_database_benchmark,Python,2019-01-12T22:43:59Z,2024-02-11T05:05:20Z,14,9,0,
151,graphdb-benchmarks,ankurayadav,Benchmark tests for various graph databases.,https://github.com/ankurayadav/graphdb-benchmarks,Go,2016-12-27T17:30:47Z,2023-10-04T16:05:02Z,41,9,2,Apache License 2.0
152,gridsome-graphql-snipcart,snipcart,A Gridsome demo with Airtable as database (GraphQL queries),https://github.com/snipcart/gridsome-graphql-snipcart,Vue,2018-12-18T16:33:30Z,2024-08-31T23:44:57Z,35,14,3,
153,neotypes,neotypes,"Scala lightweight, type-safe, asynchronous driver for neo4j ",https://github.com/neotypes/neotypes,Scala,2018-11-11T19:33:08Z,2024-10-02T17:39:16Z,165,33,16,MIT License
154,graphql,feathers-plus,A high performance GraphQL adapter for SQL and non-SQL databases.,https://github.com/feathers-plus/graphql,JavaScript,2017-12-16T23:52:52Z,2024-09-29T20:04:37Z,77,9,0,MIT License
155,personal-graph,Technoculture,Simple Graph Memory for AI applications,https://github.com/Technoculture/personal-graph,Jupyter Notebook,2024-01-09T19:15:06Z,2024-09-20T15:23:30Z,78,9,11,MIT License
156,debian-graph,norbusan,Representing Debian UDD in a graph database,https://github.com/norbusan/debian-graph,Perl,2017-10-19T08:09:23Z,2024-09-20T17:45:33Z,419,3,0,GNU General Public License v3.0
157,grex,jbmusso,JavaScript graph database client for TinkerPop2 Rexster,https://github.com/jbmusso/grex,JavaScript,2013-01-06T11:56:35Z,2020-06-25T15:26:52Z,46,12,15,MIT License
158,Cypher.js,niclasko,Cypher graph database for Javascript,https://github.com/niclasko/Cypher.js,JavaScript,2018-11-04T19:14:17Z,2024-10-02T22:39:19Z,58,7,1,GNU General Public License v3.0
159,fluxgraph,datablend,A temporal graph database on top of Datomic,https://github.com/datablend/fluxgraph,Java,2012-09-14T13:34:34Z,2022-12-19T12:01:46Z,53,15,4,
160,aws-inventory-graph,claranet,"Explore your AWS platform with, Dgraph, a graph database.",https://github.com/claranet/aws-inventory-graph,Go,2019-12-02T19:42:00Z,2024-08-08T11:54:17Z,64,10,1,Apache License 2.0
161,awesome-dynamic-graphs,domargan,"A collection of resources on dynamic/streaming/temporal/evolving graph processing systems, databases, data structures, datasets, and related academic and industrial work",https://github.com/domargan/awesome-dynamic-graphs,,2020-08-06T12:39:09Z,2024-09-18T07:57:44Z,128,17,1,Creative Commons Zero v1.0 Universal
162,SilverGraph,froog,"Generates data model visualisations from SilverStripe DataObjects, displaying database fields, relations and ancestry",https://github.com/froog/SilverGraph,PHP,2013-12-06T02:43:11Z,2023-08-10T18:37:07Z,39,12,5,
163,mogwai,platinummonkey,Tinkerpop Graph Database Library for Python,https://github.com/platinummonkey/mogwai,Python,2015-09-15T04:07:11Z,2023-01-01T08:45:28Z,38,10,0,Other
164,GraphRAG,KennyRich,A tutorial about RAG and Graph database at Pydata London 2024,https://github.com/KennyRich/GraphRAG,Jupyter Notebook,2024-06-12T09:42:38Z,2024-08-23T08:04:20Z,27,9,0,
165,flask-neo4j,lashex,Flask extension providing integration with the Neo4j graph database.,https://github.com/lashex/flask-neo4j,Python,2013-08-01T06:44:05Z,2023-09-27T10:21:56Z,57,16,8,Other
166,grand,aplbrain,"Your favorite Python graph libraries, scalable and interoperable. Graph databases in memory, and familiar graph APIs for cloud databases.",https://github.com/aplbrain/grand,Python,2020-08-10T18:44:11Z,2024-09-24T13:42:32Z,82,6,8,Apache License 2.0
167,neo4j-cve,jazwiecki,Graph database version of the CVE database,https://github.com/jazwiecki/neo4j-cve,Python,2018-09-20T12:46:47Z,2024-09-29T19:35:59Z,24,8,3,
168,llm-movieagent,tomasonjo,Semantic layer on top of a graph database to provide an LLM with a set of robust tools to interact with the database,https://github.com/tomasonjo/llm-movieagent,Python,2024-01-07T07:55:14Z,2024-09-26T05:15:33Z,194,37,3,MIT License
169,db2graphql,taviroquai,Generate a Graphql schema and resolvers from an existing relational database,https://github.com/taviroquai/db2graphql,JavaScript,2019-01-17T01:15:29Z,2024-09-19T19:09:14Z,60,11,0,MIT License
170,AD_Miner,Mazars-Tech,AD Miner is an Active Directory audit tool that leverages cypher queries to crunch data from the #Bloodhound graph database to uncover security weaknesses,https://github.com/Mazars-Tech/AD_Miner,JavaScript,2023-09-26T12:36:59Z,2024-10-04T10:35:32Z,1092,112,2,GNU General Public License v3.0
171,activerecord-neo4j-adapter,yournextleap,ActiveRecord Adapter for Neo4j Graph Database,https://github.com/yournextleap/activerecord-neo4j-adapter,Ruby,2012-02-12T22:46:41Z,2023-01-28T18:27:04Z,30,10,3,
172,gremgo,qasaur,"A fast, efficient, and easy-to-use Go client for the Apache TinkerPop graph database stack",https://github.com/qasaur/gremgo,Go,2016-03-30T22:43:05Z,2024-04-17T16:03:52Z,98,49,15,MIT License
173,ChineseNgoKnowledgeGraph,liyi193328,"createing Chinese Ngo Knowledge Graph is my graduation project, develop language is python, web-frame is django, database is grahp database Neo4j, use D3 visulation ,very cool",https://github.com/liyi193328/ChineseNgoKnowledgeGraph,Python,2015-05-12T14:27:22Z,2024-05-24T18:35:41Z,26,17,2,
174,drivine,liberation-data,"Best and fastest graph database client (Neo4j, AgensGraph, Apache AGE, FalkorDB) for Node.js & TypeScript. ",https://github.com/liberation-data/drivine,TypeScript,2019-10-17T14:22:08Z,2024-07-19T16:23:23Z,151,33,23,Apache License 2.0
175,graph-database-accel-survey,Liu-Cheng,,https://github.com/Liu-Cheng/graph-database-accel-survey,TeX,2016-09-28T09:37:21Z,2023-03-08T08:32:26Z,29,6,0,
176,Sylva,CulturePlex,A Relaxed Schema Graph Database Management System,https://github.com/CulturePlex/Sylva,JavaScript,2011-06-01T15:46:36Z,2024-08-25T18:43:06Z,53,9,10,Other
177,Supervised-Learning-on-Relational-Databases-with-GNNs,mwcvitkovic,Code to reproduce the results in the paper Supervised Learning on Relational Databases with Graph Neural Networks.,https://github.com/mwcvitkovic/Supervised-Learning-on-Relational-Databases-with-GNNs,Python,2020-02-05T02:33:52Z,2024-08-22T11:41:17Z,59,14,2,MIT License
178,MigrateToGraph,microsoft,A tool to migrate an existing database to a graph database,https://github.com/microsoft/MigrateToGraph,TypeScript,2019-01-23T07:22:33Z,2024-09-25T10:02:26Z,26,7,4,MIT License
179,jcypher,Wolfgang-Schuetzelhofer,Java access to Neo4J graph databases at multiple levels of abstraction,https://github.com/Wolfgang-Schuetzelhofer/jcypher,Java,2014-05-05T10:52:40Z,2024-06-22T14:56:41Z,86,15,13,Apache License 2.0
180,grafito,arturo-lang,"Portable, Serverless & Lightweight SQLite-based Graph Database in Arturo",https://github.com/arturo-lang/grafito,Less,2021-01-04T11:14:46Z,2024-09-17T14:04:00Z,144,8,11,MIT License
181,knowledge-extraction,5agado,From Natural Language Text to Graph Database,https://github.com/5agado/knowledge-extraction,Java,2014-10-01T09:06:14Z,2022-08-03T03:13:13Z,31,9,0,Apache License 2.0
182,graphflow,colinsongf,An active graph database.,https://github.com/colinsongf/graphflow,Java,2017-06-22T02:31:00Z,2024-09-06T11:47:43Z,16,7,0,Apache License 2.0
183,spring-data-graph,spring-attic,Provides support to increase developer productivity in Java when using a graph database like Neo4j.  Uses familiar Spring concepts such as a template classes for core API usage and provides an annotation based programming model using AspectJ.,https://github.com/spring-attic/spring-data-graph,Java,2010-11-11T20:23:19Z,2024-04-07T19:04:23Z,64,27,1,Apache License 2.0
184,datasette-graphql,simonw,Datasette plugin providing an automatic GraphQL API for your SQLite databases,https://github.com/simonw/datasette-graphql,Python,2020-08-02T03:31:58Z,2024-09-04T07:36:31Z,100,6,16,Apache License 2.0
185,tgdb-client,TIBCOSoftware,Graph Database Client,https://github.com/TIBCOSoftware/tgdb-client,Go,2016-05-11T02:27:46Z,2021-11-12T23:39:10Z,21,5,0,Apache License 2.0
186,internet-yellow-pages,InternetHealthReport,A knowledge graph for Internet resources,https://github.com/InternetHealthReport/internet-yellow-pages,Python,2020-11-30T05:52:48Z,2024-09-17T01:22:13Z,39,17,5,GNU General Public License v3.0
187,graphdb-testing,robmccoll,"Benchmarking various graph databases, engines, datastructures, and data stores.",https://github.com/robmccoll/graphdb-testing,C,2013-02-13T14:56:04Z,2023-07-03T20:26:17Z,35,8,0,
188,cognipy,cognitum-octopus,"In-memory Graph Database and Knowledge Graph with Natural Language Interface, compatible with Pandas",https://github.com/cognitum-octopus/cognipy,C#,2020-02-23T06:34:10Z,2024-09-10T04:23:33Z,51,10,14,Other
189,MillenniumDB,MillenniumDB,"Property Graph and RDF engine, still in development",https://github.com/MillenniumDB/MillenniumDB,C++,2021-10-30T15:04:19Z,2024-10-02T03:41:24Z,71,11,4,GNU General Public License v2.0
190,graphql-migrate,Akryum,üîÄ Instantly create or update a SQL database from a GraphQL API schema,https://github.com/Akryum/graphql-migrate,TypeScript,2018-10-26T17:51:24Z,2023-04-14T09:49:27Z,58,8,49,MIT License
191,neo4j-migrations,michael-simons,"Automated script runner aka ""Migrations"" for Neo4j. Inspired by Flyway.",https://github.com/michael-simons/neo4j-migrations,Java,2020-01-08T21:33:52Z,2024-09-24T22:53:04Z,114,22,19,Apache License 2.0
192,graphql-backend-template-dgraph,graphql-editor,Dgraph GraphQL Editor template for backend using very fast dgraph golang database server under the hood,https://github.com/graphql-editor/graphql-backend-template-dgraph,,2019-10-30T15:21:47Z,2023-09-13T13:23:00Z,46,12,3,
193,SkyLine,Lab41,An Exploration into Graph Databases,https://github.com/Lab41/SkyLine,Python,2014-10-23T16:47:54Z,2023-01-28T13:12:57Z,28,6,1,
194,twitter-graph-viz,neo4j-examples,OSCON Twitter Graph.  Loads tweets from Twitter API mentioning OSCON or Neo4j into a Neo4j Graph Database for analysis.,https://github.com/neo4j-examples/twitter-graph-viz,JavaScript,2014-07-20T10:07:10Z,2023-11-14T12:00:26Z,45,13,0,
195,things.sh,AlexanderWillner,Simple read-only comand-line interface to your Things 3 database,https://github.com/AlexanderWillner/things.sh,Shell,2017-08-14T12:51:33Z,2024-10-06T14:51:18Z,666,23,9,
196,realtime-fraud-detection-with-gnn-on-dgl,awslabs,An end-to-end blueprint architecture for real-time fraud detection(leveraging graph database Amazon Neptune) using Amazon SageMaker and Deep Graph Library (DGL) to construct a heterogeneous graph from tabular data and train a Graph Neural Network(GNN) model to detect fraudulent transactions in the IEEE-CIS dataset.,https://github.com/awslabs/realtime-fraud-detection-with-gnn-on-dgl,TypeScript,2021-03-11T05:05:35Z,2024-09-10T06:35:43Z,208,38,21,Apache License 2.0
197,deploy-graph-db-container,IBM,Host a graph database such as OrientDB on IBM Container Service using Kubernetes APIs,https://github.com/IBM/deploy-graph-db-container,,2017-08-16T14:05:02Z,2024-07-18T20:02:27Z,12,19,0,Apache License 2.0
198,atomspace-rocks,opencog,AtomSpace Graph Database RocksDB backend,https://github.com/opencog/atomspace-rocks,C++,2020-08-02T17:00:16Z,2024-05-10T17:43:09Z,13,8,8,Other
199,neo4j-graphQL,jhwoodward,An optimized neo4j query resolver for Facebook's GraphQL,https://github.com/jhwoodward/neo4j-graphQL,JavaScript,2016-03-10T09:47:35Z,2023-08-10T18:34:10Z,60,5,3,MIT License
200,zawgl,alexandre-ricciardi,Zawgl Database,https://github.com/alexandre-ricciardi/zawgl,Rust,2020-09-04T04:24:42Z,2024-10-06T16:00:33Z,82,5,6,MIT License
201,gverse,gverse,A modern TypeScript/JavaScript Object Graph Mapper for the Dgraph Graph Database,https://github.com/gverse/gverse,TypeScript,2019-05-06T11:54:21Z,2024-09-19T09:24:00Z,64,8,4,MIT License
202,database-benchmark,Alnaimi-,A comparative benchmark between relational database systems and their graph based counterpart.,https://github.com/Alnaimi-/database-benchmark,Python,2016-10-04T15:10:08Z,2024-08-26T00:35:32Z,37,5,0,
203,starfish-ql,SeaQL,‚ú¥Ô∏è An experimental graph database,https://github.com/SeaQL/starfish-ql,Rust,2021-12-26T08:44:00Z,2024-09-26T10:55:12Z,113,3,2,GNU Affero General Public License v3.0
204,Neo4j-GraphX,ksavinash9,Similar to Shifu - Neo4j-GraphX  extends Neo4j graph database to process big data graph algorithms with HDFS and Apache Spark on a scalable data set,https://github.com/ksavinash9/Neo4j-GraphX,Java,2016-01-07T12:01:52Z,2024-07-02T00:03:05Z,28,12,1,
205,treemachine,OpenTreeOfLife,Source tree graph database,https://github.com/OpenTreeOfLife/treemachine,Java,2012-06-03T14:41:31Z,2023-01-28T17:09:06Z,16,6,15,Other
206,Neo4j.AspNet.Identity,DotNet4Neo4j,Custom ASP.NET Identity provider for the Neo4j Graph Database,https://github.com/DotNet4Neo4j/Neo4j.AspNet.Identity,C#,2014-06-01T18:06:02Z,2023-02-16T18:14:23Z,23,17,3,MIT License
207,thesaurus-manager,academic,:loop: thesaurus-manager app with graph database,https://github.com/academic/thesaurus-manager,PHP,2014-05-17T22:31:29Z,2023-01-28T04:46:33Z,31,8,1,MIT License
208,graphfront-ui,jscomplete,A multi-user admin interface on database schemas with a GraphQL API - Powering https://graphfront.com/,https://github.com/jscomplete/graphfront-ui,JavaScript,2017-03-13T18:23:49Z,2023-07-17T06:32:03Z,79,7,0,Other
209,spring-data-gremlin,microsoft,We are in the process of deprecating Spring Data Gremlin. -- Provide generic annotation oriented programming form based on gremlin for graph database,https://github.com/microsoft/spring-data-gremlin,Java,2018-04-10T01:34:59Z,2024-08-30T16:36:23Z,128,76,10,Other
210,graph-database-benchmark-cluster,galaxybase,,https://github.com/galaxybase/graph-database-benchmark-cluster,Java,2021-05-21T11:30:38Z,2023-11-17T01:10:12Z,12,6,0,
211,graphene,xzoert,Graph database for PHP + MySql,https://github.com/xzoert/graphene,PHP,2015-03-01T13:01:23Z,2023-01-04T15:46:20Z,39,4,1,Apache License 2.0
212,Acacia,miyurud,A distributed graph database server,https://github.com/miyurud/Acacia,Java,2015-04-29T15:44:26Z,2020-02-21T05:48:23Z,4,12,2,Apache License 2.0
213,WiggleIndexer,raoulDoc,Indexing of AST using graph databases (Neo4j),https://github.com/raoulDoc/WiggleIndexer,Java,2013-04-21T19:20:01Z,2020-06-06T13:59:32Z,15,9,1,MIT License
214,Neo4jForRec,Aresyi,Use Neo4j Graph DataBase for friend recommend.,https://github.com/Aresyi/Neo4jForRec,Java,2016-12-08T08:40:38Z,2024-01-05T09:33:27Z,9,12,0,
215,seed,qualiancy,A storage-agnostic graphing database framework.,https://github.com/qualiancy/seed,JavaScript,2011-10-03T00:14:50Z,2022-05-07T18:46:12Z,71,4,1,
216,GraphDb,SkinyMonkey,A graph database written in C++ aiming performance.,https://github.com/SkinyMonkey/GraphDb,C++,2013-06-05T10:45:35Z,2024-06-28T17:25:52Z,18,5,0,
217,neo4j-app-movies-ui,kbastani,Movie browser web app powered by Neo4j graph database,https://github.com/kbastani/neo4j-app-movies-ui,JavaScript,2013-12-27T06:01:10Z,2022-07-08T19:52:27Z,31,10,1,
218,graph-db-insights,IBM,Get insights from OrientDB database using PyOrient through IBM Watson Studio,https://github.com/IBM/graph-db-insights,Jupyter Notebook,2017-08-16T14:04:29Z,2024-07-03T16:45:16Z,13,11,1,Apache License 2.0
219,graphql-crud,TimMikeladze,"GraphQL schema directives to generate CRUD queries, mutations and resolvers which are automatically connected to a database.",https://github.com/TimMikeladze/graphql-crud,TypeScript,2018-03-09T01:24:37Z,2023-05-26T00:19:44Z,20,7,56,MIT License
220,gitminer,pridkett,Java based tools for extracting information from GitHub and git repositories into a graph database,https://github.com/pridkett/gitminer,Java,2011-10-18T19:11:07Z,2023-10-06T00:03:22Z,45,25,21,
221,spring-data-gremlin,gjrwebber,Spring data gremlin makes it easier to implement Graph based repositories. This module extends Spring Data to allow support for potentially any Graph database that implements the Tinkerpop Blueprints 2.x API.,https://github.com/gjrwebber/spring-data-gremlin,Java,2015-07-10T08:45:00Z,2024-02-28T08:08:15Z,69,54,33,
222,neo4j-enterprise,dmontag,Neo4j Graph Database - Enterprise Edition,https://github.com/dmontag/neo4j-enterprise,Java,2011-10-10T21:57:39Z,2022-11-21T09:58:12Z,3,12,3,Other
223,keymaker,therubymug,A multi-layer REST API Ruby wrapper for the neo4j graph database.,https://github.com/therubymug/keymaker,Ruby,2012-04-19T18:06:55Z,2024-09-20T20:15:43Z,61,12,8,MIT License
224,pyTigerGraph,parkererickson,Python Wrapper for TigerGraph Database,https://github.com/parkererickson/pyTigerGraph,Python,2019-12-18T02:15:31Z,2023-10-22T12:09:23Z,15,6,2,MIT License
225,redis-graph,tblobaum,a graph database using redis sets,https://github.com/tblobaum/redis-graph,JavaScript,2012-08-09T04:32:52Z,2023-08-21T14:39:51Z,56,3,1,MIT License
226,interactive_tutorials,arangodb,Repository for all ArangoDB interactive tutorial notebooks. ,https://github.com/arangodb/interactive_tutorials,Jupyter Notebook,2020-02-21T14:40:47Z,2024-08-29T11:50:29Z,91,36,6,
227,bolt-rs,0xSiO,Communicate with Bolt-compatible graph databases in Rust! ‚ö°üî©,https://github.com/0xSiO/bolt-rs,Rust,2019-12-20T04:49:33Z,2024-05-15T23:15:31Z,80,7,1,Mozilla Public License 2.0
228,uber-graph-benchmark,uber,"A framework to benchmark different graph databases, based on generated data from customizable schema, distribution, and size.",https://github.com/uber/uber-graph-benchmark,Java,2018-11-12T23:21:25Z,2024-04-02T17:43:48Z,26,9,1,Apache License 2.0
229,-GraphDB,zfaustk,A Graph Database ,https://github.com/zfaustk/-GraphDB,C#,2013-06-22T14:42:48Z,2022-11-25T17:52:06Z,6,6,1,
230,gqlite,webbery,graph database lite,https://github.com/webbery/gqlite,C++,2022-02-25T14:43:47Z,2024-09-12T13:20:32Z,27,3,1,MIT License
231,EntityGraph,adamzareba,Example Spring Boot REST app that shows different approaches for querying data from database with JPA. ,https://github.com/adamzareba/EntityGraph,Java,2017-04-13T13:46:10Z,2024-09-18T16:50:11Z,12,10,0,
232,cyphergui,stefanak-michal,GUI admin tool for graph databases.,https://github.com/stefanak-michal/cyphergui,TypeScript,2022-12-20T16:40:18Z,2024-09-27T18:31:03Z,49,4,3,Apache License 2.0
233,IFC_Graph_Database,IFCManager,IFC data and graph database examples,https://github.com/IFCManager/IFC_Graph_Database,Python,2021-08-12T12:10:31Z,2024-07-10T09:46:33Z,13,4,1,GNU General Public License v2.0
234,sqlite3todot,chunky,Convert sqlite3 databases to directed graph .dot files,https://github.com/chunky/sqlite3todot,C,2011-03-16T05:11:44Z,2024-09-20T01:16:16Z,44,6,0,
235,neoconverse,neo4j-labs,A GenAI Copilot for conversing with Neo4j Graph Databases,https://github.com/neo4j-labs/neoconverse,TypeScript,2024-04-02T14:24:41Z,2024-10-04T23:37:29Z,30,8,5,
236,alibabacloud-gdb-tools,aliyun,Alibaba Cloud Graph Database Service (GDB) Tools,https://github.com/aliyun/alibabacloud-gdb-tools,Java,2019-07-05T03:06:34Z,2023-05-03T10:43:45Z,18,7,23,MIT License
237,Web-3.0-Books,MMubashir1786,"web3, Metaverse,  AI, MLOps, AWS Sagemaker, Blockchain, API Token Economy, and Graph Database, And there are many books",https://github.com/MMubashir1786/Web-3.0-Books,,2022-08-04T12:07:42Z,2024-06-16T08:22:31Z,2,132,0,
238,arcadeanalytics,ArcadeData,"Arcade Analytics is the first Open Source Graph Analytics platform. Connect your Graph Database (Neo4j, OrientDB, Amazon Neptune, Microsoft CosmosDB, etc) and RDBMS (Oracle, MySQL, Postgres, Microsoft SQLServer, MariaDB) to create powerful dashboards.",https://github.com/ArcadeData/arcadeanalytics,JavaScript,2019-02-12T15:47:27Z,2024-09-16T19:11:41Z,190,30,59,Apache License 2.0
239,gqlite,jakewins,,https://github.com/jakewins/gqlite,Rust,2020-02-12T11:44:36Z,2024-06-21T20:24:56Z,20,5,7,
240,rTracker,rob-miller,"A generic, customizable personal data tracker for iOS ",https://github.com/rob-miller/rTracker,Objective-C,2016-04-14T10:34:47Z,2024-08-22T18:22:35Z,41,17,0,Other
241,mizo,imri,Super-fast Spark RDD for Titan Graph Database on HBase,https://github.com/imri/mizo,Java,2016-09-12T19:46:20Z,2024-02-28T17:18:34Z,25,10,1,Apache License 2.0
242,awesome-graph-universe,graphgeeks-lab,"A curated list of resources for graph-related topics, including graph databases, analytics and science",https://github.com/graphgeeks-lab/awesome-graph-universe,,2024-09-21T07:56:52Z,2024-10-05T20:04:40Z,25,8,0,
243,gfe-db,nmdp-bioinformatics,Graph database representing IPD-IMGT/HLA sequence data as GFE,https://github.com/nmdp-bioinformatics/gfe-db,Makefile,2017-04-10T19:25:55Z,2024-09-06T16:52:50Z,9,15,20,GNU General Public License v3.0
244,agdb,agnesoft,Agnesoft Graph Database,https://github.com/agnesoft/agdb,PHP,2022-08-17T19:02:43Z,2024-09-29T05:24:16Z,54,2,8,Apache License 2.0
245,sample_python_neo4j,tmlbl,Using the Neo4j graph database with Python.,https://github.com/tmlbl/sample_python_neo4j,Python,2014-05-23T19:00:22Z,2016-03-18T14:17:23Z,0,23,0,MIT License
246,text2sql-lgesql,X-LANCE,"[ACL 2021] This is the project containing source codes and pre-trained models about ACL2021 Long Paper ``LGESQL: Line Graph Enhanced Text-to-SQL Model with Mixed Local and Non-Local Relations"".",https://github.com/X-LANCE/text2sql-lgesql,Python,2021-06-02T12:13:36Z,2024-10-01T03:47:41Z,146,37,16,Apache License 2.0
247,universal-graph-client,intuit,A Java library that provides single API and a CLI to connect to all varieties of graph databases.,https://github.com/intuit/universal-graph-client,Java,2017-10-27T12:21:18Z,2022-05-24T15:27:29Z,19,10,4,Apache License 2.0
248,parsemis,timtadh,"The ParSeMiS project (Parallel and Sequential Graph Mining Suite) searches for frequent, interesting substructures in graph databases. https://www2.cs.fau.de/EN/research/zold/ParSeMiS/index.html",https://github.com/timtadh/parsemis,Java,2014-03-14T13:30:45Z,2024-09-04T10:28:16Z,44,28,0,Other
249,neo4j-scala,jawher,Scala wrapper for Neo4j Graph Database,https://github.com/jawher/neo4j-scala,Scala,2009-12-23T13:24:40Z,2023-01-27T20:07:48Z,19,5,2,MIT License
250,go-graphkb,clems4ever,A Graph-oriented Knowledge Base written in Go,https://github.com/clems4ever/go-graphkb,Go,2020-01-07T20:39:22Z,2024-06-28T08:12:24Z,31,5,20,Apache License 2.0
251,Stargraph,Lambda-3,StarGraph (aka *graph) is a graph database to query large Knowledge Graphs. Playing with Knowledge Graphs can be useful if you are developing AI applications or doing data analysis over complex domains. ,https://github.com/Lambda-3/Stargraph,Java,2017-02-27T08:30:28Z,2024-09-30T11:50:47Z,32,12,13,MIT License
252,graphagus,jhb,A simple (but fast) graph database for python using zodb,https://github.com/jhb/graphagus,Python,2013-08-14T18:02:07Z,2023-08-25T05:54:38Z,20,5,1,
253,BioGrakn,xMAnton,A Knowledge Graph-based Semantic Database for Biomedical Sciences,https://github.com/xMAnton/BioGrakn,Java,2017-04-05T10:01:02Z,2023-06-28T01:52:02Z,28,7,0,
254,nebula-carina,nebula-contrib,A pydantic based python ORM framework for graph database NebulaGraph 3.,https://github.com/nebula-contrib/nebula-carina,Python,2022-06-03T14:45:40Z,2024-09-30T02:50:17Z,37,9,8,MIT License
255,hexadb,angshuman,A schemaless graph database based on RocksDb,https://github.com/angshuman/hexadb,C#,2019-09-11T03:58:56Z,2024-08-10T06:55:43Z,45,4,5,MIT License
256,graphql-knex-resolver,tjwebb,Knex Resolver for GraphQL. Allows you to define GraphQL schemas and run queries in a relational database,https://github.com/tjwebb/graphql-knex-resolver,JavaScript,2016-02-25T01:01:48Z,2023-11-27T01:02:53Z,46,6,1,MIT License
257,Graph-ML-Fraud-Detection,aravind-sundaresan,Fraud detection in bank transactions using graph databases and machine learning.,https://github.com/aravind-sundaresan/Graph-ML-Fraud-Detection,Jupyter Notebook,2020-03-12T19:29:35Z,2024-09-25T17:53:02Z,19,7,0,
258,Public-Transport-SP-Graph-Database,IgorRozani,Metropolitan Transport Network from S√£o Paulo mapped in a NoSQL graph database.,https://github.com/IgorRozani/Public-Transport-SP-Graph-Database,Cypher,2018-03-24T17:04:38Z,2024-09-02T09:35:44Z,30,3,1,MIT License
259,titan-cookbook,bcajes,Chef cookbook for Titan distributed graph database (embedded w/ cassandra + elastic search),https://github.com/bcajes/titan-cookbook,Ruby,2013-08-04T20:37:16Z,2018-10-04T17:19:27Z,17,14,0,Apache License 2.0
260,agraph,phifty,Client for the AllegroGraph 4.x RDF graph database.,https://github.com/phifty/agraph,Ruby,2010-03-26T09:02:19Z,2022-11-26T14:54:46Z,25,7,1,
261,Visual-Knowledge-Graph-System,island99,"Easy visual knowledge graph system with G6, Neo4j database and Nodejs.",https://github.com/island99/Visual-Knowledge-Graph-System,JavaScript,2020-10-23T14:39:39Z,2024-01-10T10:50:07Z,24,7,3,GNU General Public License v3.0
262,neo4j-gpu,SimonEjenstam,A GPU-acceleration of the graph database Neo4j,https://github.com/SimonEjenstam/neo4j-gpu,Java,2015-05-12T05:31:06Z,2024-04-29T15:36:20Z,33,5,1,
263,tinkergraph-js,jbmusso,A pure JavaScript implementation of TinkerPop's TinkerGraph in-memory graph database,https://github.com/jbmusso/tinkergraph-js,JavaScript,2014-10-10T09:56:16Z,2023-10-26T04:33:15Z,71,7,2,MIT License
264,selva,atelier-saulx,üå¥ Selva is a realtime  undirected acyclic graph database üå¥,https://github.com/atelier-saulx/selva,C,2019-12-18T09:31:06Z,2024-10-04T17:03:23Z,32,7,21,MIT License
265,documentation,memgraph,The official documentation for Memgraph open-source graph database. ,https://github.com/memgraph/documentation,MDX,2023-08-01T12:39:52Z,2024-10-01T23:41:24Z,9,10,67,MIT License
266,Bolt,neo4j-php,PHP library to provide connectivity to graph database over TCP socket with Bolt specification,https://github.com/neo4j-php/Bolt,PHP,2019-07-22T13:30:34Z,2024-09-29T17:13:00Z,73,10,0,MIT License
267,explorer,kuzudb,Browser-based user interface for K√πzu graph database,https://github.com/kuzudb/explorer,TypeScript,2023-06-15T02:13:20Z,2024-10-02T13:39:44Z,30,5,19,MIT License
268,GraphDatabaseTiein,zetacomponents,,https://github.com/zetacomponents/GraphDatabaseTiein,PHP,2012-04-24T22:01:37Z,2023-01-24T14:33:25Z,4,4,1,Other
269,yang-db,YANG-DB,"YANGDB Open-source, Scalable, Non-native Graph database (Powered by Elasticsearch)",https://github.com/YANG-DB/yang-db,Java,2019-03-26T08:29:02Z,2024-09-14T06:33:40Z,100,5,21,Apache License 2.0
270,spiderfoot-neo4j,blacklanternsecurity,"Import, visualize, and analyze SpiderFoot scans in Neo4j, a graph database",https://github.com/blacklanternsecurity/spiderfoot-neo4j,Python,2021-08-12T20:07:51Z,2024-09-30T11:42:57Z,67,7,2,GNU General Public License v3.0
271,TimesGraph,TimesGraph,The fastest cloud-native time series and graph database in the financial world!,https://github.com/TimesGraph/TimesGraph,C++,2022-02-07T06:41:52Z,2023-07-07T19:41:56Z,19,5,0,
272,RPI-Flask-SQLite,Mjrovai,"Capturing real data (RPi/DHT22), saving them on a database (SQLite), creating graphs (Matplotlib) and present them on a web page(Flask). ",https://github.com/Mjrovai/RPI-Flask-SQLite,JavaScript,2018-01-13T14:20:35Z,2024-04-29T04:37:08Z,42,44,2,MIT License
273,LLM_Notebooks,olonok69,"Notebooks and Code about Generative Ai, LLMs, MLOPS, NLP , CV  and Graph databases",https://github.com/olonok69/LLM_Notebooks,Jupyter Notebook,2024-01-03T22:52:59Z,2024-10-05T13:03:15Z,46,9,0,
274,mapgraph,stuartsierra,Basic in-memory graph database of maps with links,https://github.com/stuartsierra/mapgraph,Clojure,2016-06-13T02:07:17Z,2024-07-01T14:51:45Z,66,4,0,MIT License
275,web-haskell-graphql-postgres-boilerplate,dandoh,Modern webserver in Haskell: Graphql + Postgresql + Authentication + DB migration + Dotenv and more,https://github.com/dandoh/web-haskell-graphql-postgres-boilerplate,Haskell,2020-01-06T16:42:51Z,2024-09-27T15:13:14Z,122,11,3,MIT License
276,azure-sql-db-graphql,Azure-Samples,GraphQL samples connecting to Azure SQL Database using several programming languages and frameworks.,https://github.com/Azure-Samples/azure-sql-db-graphql,JavaScript,2020-11-10T17:41:46Z,2024-02-06T02:36:17Z,11,7,0,
277,react-graphql-databases,ivangfr,"The goal of this project is to implement two front-end React applications, author-book-ui and book-review-ui. They will consume the GraphQL endpoints of the two back-end (BE) applications present in the project springboot-graphql-databases, author-book-api and book-review-api.",https://github.com/ivangfr/react-graphql-databases,JavaScript,2019-06-20T19:51:00Z,2024-05-16T11:26:08Z,7,5,0,
278,SpiderDB,ericfode,Graph database backed by Redis.,https://github.com/ericfode/SpiderDB,Go,2012-08-07T20:06:59Z,2023-03-05T01:07:29Z,12,4,7,
279,orly,emaxerrno,Orly‚Ñ¢ Graph Database,https://github.com/emaxerrno/orly,C++,2014-12-29T23:13:10Z,2021-02-07T16:58:27Z,1,10,0,Other
280,openCypherTranspiler,microsoft,This tool transpiles openCypher graph query language to a relational database query language. This project publishes a T-SQL for Microsoft SQL Server as the target query language.,https://github.com/microsoft/openCypherTranspiler,C#,2019-07-22T18:11:11Z,2024-09-09T07:04:37Z,78,18,2,MIT License
281,graph-cve-sync,fabric8-analytics,OpenShift cron job which keeps f8a graph database up-to-date,https://github.com/fabric8-analytics/graph-cve-sync,Python,2018-09-06T19:26:09Z,2023-11-18T03:10:32Z,0,18,6,
282,quadstore,jacoscaz,"A LevelDB-backed graph database for JS runtimes (Node.js, Deno, browsers, ...) supporting SPARQL queries and the RDF/JS interface.",https://github.com/jacoscaz/quadstore,JavaScript,2017-03-06T21:38:56Z,2024-10-02T19:23:35Z,200,14,2,MIT License
283,gql-grammar,TuGraph-family,Graph Query Language (ISO/IEC 39075) Antlr4 Implementation,https://github.com/TuGraph-family/gql-grammar,ANTLR,2023-05-16T07:05:22Z,2024-09-10T19:09:00Z,25,6,2,Apache License 2.0
284,spider,spider,"Simple, flexible graph database abstraction for php",https://github.com/spider/spider,PHP,2015-02-14T22:25:56Z,2024-01-21T13:47:56Z,23,4,8,MIT License
285,zgraph,vescale,An embeddable graph database for large-scale vertices and edges,https://github.com/vescale/zgraph,Go,2022-11-16T05:31:22Z,2024-09-15T18:57:48Z,73,4,5,Apache License 2.0
286,geneweb,geneweb,GeneWeb is a free (as in free speech) genealogy software with a web interface created by Daniel de Rauglaudre.,https://github.com/geneweb/geneweb,OCaml,2013-11-12T08:45:43Z,2024-10-03T09:07:14Z,304,93,256,GNU General Public License v2.0
287,nifi-neo4j,jonathantelfer,A collection of tools for accessing Neo4j graph databases from Apache NiFi.,https://github.com/jonathantelfer/nifi-neo4j,Java,2016-05-02T18:39:51Z,2024-03-07T04:01:33Z,23,9,1,Apache License 2.0
288,node-cayley,lnshi,Node.js client for open-source graph database cayley(https://github.com/cayleygraph/cayley).,https://github.com/lnshi/node-cayley,JavaScript,2017-01-12T03:15:41Z,2023-10-21T19:28:13Z,50,9,3,Apache License 2.0
289,dotnet-arangodb,coronabytes,.NET Driver for ArangoDB,https://github.com/coronabytes/dotnet-arangodb,C#,2020-01-31T23:59:44Z,2024-10-02T08:54:18Z,67,18,2,Apache License 2.0
290,oscal4neo4j,Agh42,Scripts to import OSCAL example content into the Neo4J graph database,https://github.com/Agh42/oscal4neo4j,Cypher,2022-01-10T06:54:56Z,2024-07-04T05:05:04Z,27,7,0,Other
291,subgraph,den1k,Reactive graph database for re-frame,https://github.com/den1k/subgraph,Clojure,2017-07-18T04:45:29Z,2024-05-11T11:14:54Z,78,2,8,Other
292,levelgraph-talk-nodejsconfit,mcollina,"My Talk at nodejsconf.it 2014! ""How to Cook a Graph Database in a Night""",https://github.com/mcollina/levelgraph-talk-nodejsconfit,CSS,2014-01-22T11:15:02Z,2023-04-10T03:35:54Z,36,12,0,
293,pheno4j,phenopolis,Pheno4j: a graph based HPO to NGS database,https://github.com/phenopolis/pheno4j,Java,2016-09-16T16:11:13Z,2024-01-06T16:41:36Z,32,4,5,MIT License
294,GoodReadsGraph,franckjay,Build a Graph Database of Good Reads book data to recommend novel novels to users,https://github.com/franckjay/GoodReadsGraph,Jupyter Notebook,2019-10-27T20:22:36Z,2024-08-13T03:43:58Z,26,5,18,
295,Visualization-of-Global-Terrorism-Database,maks-sh,":bar_chart: Visualization of GTD with py Plotly lib, including amazing graphs and animation :vhs: ",https://github.com/maks-sh/Visualization-of-Global-Terrorism-Database,Jupyter Notebook,2017-03-02T21:12:28Z,2024-05-06T17:19:41Z,19,5,0,
296,ConvergedDatabase,OracleDataManagementSpain,"Oracle Converged Database 19c workshop series, including: Multitenant, Multimodel, In-Memory, Spatial & Graph, Machine Learning with Phyton and R, Multicloud and Autonomous Database",https://github.com/OracleDataManagementSpain/ConvergedDatabase,Java,2020-04-07T07:29:30Z,2023-05-23T16:35:40Z,8,8,1,
297,turbine,quintel,"An in-memory, directed, property graph database in Ruby.",https://github.com/quintel/turbine,Ruby,2012-10-04T13:59:12Z,2023-11-27T18:39:08Z,16,6,0,"BSD 3-Clause ""New"" or ""Revised"" License"
298,tripl,metasoarous,This one weird trick turns JSON documents into semantic graph databases!,https://github.com/metasoarous/tripl,Python,2017-05-18T00:47:11Z,2024-08-08T15:16:32Z,34,6,8,
299,titan-node,inolen,Wrapper around gremlin-node to provide out of the box support for Titan graph database,https://github.com/inolen/titan-node,JavaScript,2013-11-12T21:38:41Z,2022-10-29T08:08:45Z,23,13,3,
